,sum_sq,df,F,PR(>F)
C(Breed),16757.562393320422,343.0,0.03404594974033865,0.8536093532367461
C(Species),48.86383436320649,1.0,0.03405150189284012,0.8535975520476395
Residual,221771753.4288732,154545.0,,
