,PetAge,Premium,Deductible,AmountClaimed,MonthsToClaim
PetAge,1.0,0.1964952821766726,0.19743739021666992,0.03608683585050562,0.11111470102543554
Premium,0.1964952821766726,1.0,-0.3035182145988336,0.044806988144326695,0.031051444288344922
Deductible,0.19743739021666992,-0.3035182145988336,1.0,0.03241691477198847,0.021219606264222354
AmountClaimed,0.03608683585050562,0.044806988144326695,0.03241691477198847,1.0,0.00032456060329465875
MonthsToClaim,0.11111470102543554,0.031051444288344922,0.021219606264222354,0.00032456060329465875,1.0
